amino acid,p5.50,p4.40,p6.44
P,226,0,0
R,1,0,0
K,0,0,1
H,0,0,0
D,23,0,8
E,0,0,0
F,2,3,212
W,0,0,1
Y,1,1,19
N,1,1,5
Q,1,0,1
C,5,4,2
S,4,30,6
T,2,21,1
I,5,113,5
L,13,32,7
V,10,70,39
M,6,16,2
G,1,3,0
A,11,18,3