amino acid,p5.50,p4.40,p6.44,blank,p6.47,p6.48,p6.49,p6.50,blank,p7.49,p7.50,p7.51,p7.52,p7.53
P,226,0,0,0,0,0,0,302,0,0,294,0,0,1
R,1,0,0,0,0,1,0,0,0,0,0,0,0,0
K,0,0,1,0,0,0,0,0,0,5,0,0,0,0
H,0,0,0,0,0,1,0,1,0,5,0,0,0,1
D,23,0,8,0,0,0,0,0,0,57,0,0,0,1
E,0,0,0,0,0,1,0,0,0,0,0,0,0,0
F,2,3,212,0,38,50,16,0,0,0,2,47,7,12
W,0,0,1,0,1,194,1,0,0,0,0,12,0,0
Y,1,1,19,0,2,30,0,1,0,0,0,1,0,279
N,1,1,5,0,0,1,0,0,0,230,0,0,0,0
Q,1,0,1,0,0,6,1,0,0,0,0,0,0,0
C,5,4,2,0,202,1,9,0,0,0,2,0,9,4
S,4,30,6,0,29,7,10,0,0,3,0,1,0,0
T,2,21,1,0,12,2,33,6,0,6,2,3,2,1
I,5,113,5,0,0,1,18,0,0,1,0,109,135,1
L,13,32,7,0,20,1,111,0,0,3,2,62,99,9
V,10,70,39,0,0,1,31,1,0,1,2,65,51,1
M,6,16,2,0,6,3,16,0,0,0,1,7,2,1
G,1,3,0,0,0,9,24,0,0,0,0,1,0,0
A,11,18,3,0,2,3,42,1,0,0,6,3,6,0